{"version": 2, "framework": "nextjs", "builds": [{"src": "package.json", "use": "@vercel/next"}], "env": {"NEXT_PUBLIC_SUPABASE_URL": "@next_public_supabase_url", "NEXT_PUBLIC_SUPABASE_ANON_KEY": "@next_public_supabase_anon_key", "NEXT_PUBLIC_STRIPE_PUBLISHABLE_KEY": "@next_public_stripe_publishable_key", "NEXT_PUBLIC_APP_URL": "@next_public_app_url"}, "functions": {"app/api/**/*.js": {"maxDuration": 30}}, "headers": [{"source": "/(.*)", "headers": [{"key": "Access-Control-Allow-Origin", "value": "*"}, {"key": "Access-Control-Allow-Methods", "value": "GET, POST, PUT, DELETE, OPTIONS"}, {"key": "Access-Control-Allow-Headers", "value": "Content-Type, Authorization"}]}]}