{"version": 2, "framework": "nextjs", "builds": [{"src": "package.json", "use": "@vercel/next"}], "env": {"NEXT_PUBLIC_SUPABASE_URL": "@supabase-url", "NEXT_PUBLIC_SUPABASE_ANON_KEY": "@supabase-anon-key", "NEXT_PUBLIC_STRIPE_PUBLISHABLE_KEY": "@stripe-publishable-key", "NEXT_PUBLIC_APP_URL": "https://aisolutionshub.co"}, "routes": [{"src": "/api/(.*)", "dest": "/api/$1"}], "functions": {"app/api/(.*)/route.ts": {"runtime": "nodejs18.x"}}, "headers": [{"source": "/api/(.*)", "headers": [{"key": "Access-Control-Allow-Credentials", "value": "true"}, {"key": "Access-Control-Allow-Origin", "value": "*"}, {"key": "Access-Control-Allow-Methods", "value": "GET,OPTIONS,PATCH,DELETE,POST,PUT"}, {"key": "Access-Control-Allow-Headers", "value": "X-CSRF-Token, X-Requested-With, Accept, Accept-Version, Content-Length, Content-MD5, Content-Type, Date, X-Api-Version"}]}]}